;Enjeux hippiques dans le monde, 2005-2016;Unnamed: 1;Unnamed: 2;Unnamed: 3;Unnamed: 4;Unnamed: 5;Unnamed: 6;Unnamed: 7;Unnamed: 8;Unnamed: 9;Unnamed: 10;Unnamed: 11;Unnamed: 12;Unnamed: 13;Unnamed: 14;Unnamed: 15;Unnamed: 16;Unnamed: 17;Unnamed: 18;Unnamed: 19;Unnamed: 20;Unnamed: 21;Unnamed: 22;Unnamed: 23;Unnamed: 24;Unnamed: 25;Unnamed: 26;Unnamed: 27;Unnamed: 28;Unnamed: 29;Unnamed: 30;Unnamed: 31;Unnamed: 32;Unnamed: 33;Unnamed: 34;Unnamed: 35;Unnamed: 36
0;En M€;2005;;;2006;;;2007;;;2008;;;2009;;;2010;;;2011;;;2012;;;2013;;;2014;;;2015;;;2016;;
1;;Bookmakers;Pari mutuel;Total;Bookmakers;Pari mutuel;Total;Bookmakers;Pari mutuel;Total;Bookmakers;Pari mutuel;Total;Bookmakers;Pari mutuel;Total;Bookmakers;Pari mutuel;Total;Bookmakers;Pari mutuel;Total;Bookmakers;Pari mutuel;Total;Bookmakers;Pari mutuel;Total;Bookmakers;Pari mutuel;Total;Bookmakers;Pari mutuel;Total;Bookmakers;Pari mutuel;Total
2;Japon;0;23464;23464;0;20335;20335;0;19033;19033;0;24692;24692;0;22092;22092;0;25435;25435;0;26032;26032;0;27087;27087;0;19087;19087;0;19808;19808;0;22935;22935;0;25565;25565
3;UK;15174;410;15584;15039;442;15481;15039;442;15481;10676;395;11071;10676;395;11071;7285;375;7660;7285;375;7660;11183;458;11641;12005;466;12471;13411;606;14017;14183;595;14778;11941;591;12531
4;Australie;1821;5434;7255;1726;5267;6993;2091;5568;7659;1771;4462;6233;2835;6081;8916;3990;7225;11215;3280;8028;11308;3226;8074;11300;3662;7738;11400;5017;9585;14602;4999;9555;14554;6106;10001;16107
5;Hong Kong;0;6545;6545;0;6208;6208;0;6208;6208;0;6118;6118;0;6603;6603;0;7702;7702;0;8566;8566;0;9348;9348;0;9536;9536;0;11461;11461;0;12580;12580;0;14365;14365
6;Etats-Unis;0;14227;14227;0;11222;11222;0;9998;9998;0;9799;9799;0;8547;8547;0;8539;8539;0;8324;8324;0;8410;8410;0;7886;7886;0;8691;8691;0;9805;9805;0;10193;10193
7;France;0;8207;8207;0;8302;8302;0;9036;9036;0;9465;9465;0;9484;9484;0;9502;9502;0;9920;9920;0;9956;9956;0;9765;9765;0;9277;9277;0;9083;9083;0;8951;8951
8;Allemagne;64;124;188;57;97;154;52;82;134;46;73;119;44;70;114;38;60;97;38;60;98;35;56;91;33;53;86;32;51;83;30;48;78;26;42;68
9;Corée du Sud;0;3874;3874;0;4104;4104;0;4672;4672;0;4030;4030;0;4034;4034;0;4442;4442;0;4528;4528;0;4521;4521;0;5308;5308;0;4954;4954;0;5127;5127;0;5185;5185
10;Irlande;5446;49;5495;3562;50;3612;3931;61;3992;3849;56;3905;3238;48;3286;3214;46;3260;2817;51;2868;2797;52;2849;2625;50;2675;2700;56;2756;3164;74;3238;4958;92;5050
11;Suède;0;1165;1165;0;1241;1241;0;1246;1246;0;1089;1089;0;1237;1237;0;1432;1432;0;1471;1471;0;1394;1394;0;1372;1372;0;1302;1302;0;1364;1364;0;1390;1390
12;Turquie;0;820;820;0;783;783;0;1063;1063;0;1063;1063;0;930;930;0;1079;1079;0;1101;1101;0;1208;1208;0;1168;1168;0;1377;1377;0;1304;1304;0;1199;1199
13;Canada;0;1265;1265;0;1128;1128;0;1198;1198;0;1010;1010;0;1010;1010;0;1129;1129;0;1070;1070;0;1021;1021;0;1032;1032;0;1032;1032;0;978;978;0;906;906
14;Singapour;0;1028;1028;0;925;925;0;924;924;0;1053;1053;0;1083;1083;0;1141;1141;0;1064;1064;0;976;976;0;906;906;0;951;951;0;909;909;0;844;844
15;Afrique du Sud;NC;NC;NC;NC;NC;NC;0;422;422;0;422;422;NC;NC;NC;NC;NC;NC;422;466;888;517;430;947;406;314;720;391;321;712;370;317;687;370;317;687
16;Italie;110;5267;5377;72;2829;2901;72;2829;2901;68;2206;2274;66;1919;1985;65;1668;1733;55;1317;1372;49;963;1012;50;764;814;56;626;682;68;569;637;95;513;608
17;Maroc;NC;NC;NC;NC;NC;NC;NC;NC;NC;NC;NC;NC;NC;NC;NC;0;368;368;NC;NC;NC;NC;NC;NC;0;518;518;0;556;556;;590;590;0;609;609
18;Tous pays;22708;74542;97251;20570;66734;87304;21307;65987;87294;16510;68276;84786;17340;66393;83732;15144;72989;88133;14003;75727;89730;18069;77292;95361;19003;68332;87335;21946;73255;95201;23044;78531;101575;24027.9;83194.1;107222
19;;;;;;;;;;;;;;;;;;;;;;;;;;;;;;;;;;;Note: données 2015 pour AFS.;;
20;Source;IFCE, FIAH;;;;;;;;;;;;;;;;;;;;;;;;;;;;;;;;;;;
21;;;;;;;;;;;;;;;;;;;;;;;;;;;;;;;;;;;;;
22;Croissance annuelle;;;;;;;;;;;;;;;;;;;;;;;;;;;;;;;;;;;;
23;En M€;2005;;;2006;;;2007;;;2008;;;2009;;;2010;;;2011;;;2012;;;2013;;;2014;;;2015;;;2016;;
24;;Bookmakers;Pari mutuel;Total;Bookmakers;Pari mutuel;Total;Bookmakers;Pari mutuel;Total;Bookmakers;Pari mutuel;Total;Bookmakers;Pari mutuel;Total;Bookmakers;Pari mutuel;Total;Bookmakers;Pari mutuel;Total;Bookmakers;Pari mutuel;Total;Bookmakers;Pari mutuel;Total;Bookmakers;Pari mutuel;Total;Bookmakers;Pari mutuel;Total;Bookmakers;Pari mutuel;Total
25;Japon;;;;;-0.13335322195704058;-0.13335322195704058;;-0.0640275387263339;-0.0640275387263339;;0.2973256974728104;0.2973256974728104;;-0.10529726227118096;-0.10529726227118096;;0.1513217454282093;0.1513217454282093;;0.02347159425987812;0.02347159425987812;;0.040527043638598645;0.040527043638598645;;-0.295344630265441;-0.295344630265441;;0.0377744014250537;0.0377744014250537;;0.15786550888529888;0.15786550888529888;;0.11467189884456072;0.11467189884456072
26;UK;;;;-0.008896797153024912;0.07804878048780488;-0.006609342915811088;0;0;0;-0.2901123744929849;-0.10633484162895927;-0.2848653187778567;0;0;0;-0.3176283252154365;-0.05063291139240506;-0.30810224911932077;0;0;0;0.5350720658888126;0.22133333333333333;0.5197127937336815;0.07350442636144147;0.017467248908296942;0.07129971651919938;0.11711786755518534;0.30042918454935624;0.12396760484323631;0.057564685705763924;-0.018151815181518153;0.054291217806948705;-0.1580765705421984;-0.0067226890756302525;-0.15205034510759236
27;Australie;;;;-0.05216913783635365;-0.030732425469267573;-0.03611302549965541;0.21147161066048667;0.057148281754319345;0.09523809523809523;-0.15303682448589193;-0.19863505747126436;-0.18618618618618618;0.6007905138339921;0.3628417749887943;0.4304508262473929;0.4074074074074074;0.18812695280381517;0.2578510542844325;-0.17794486215538846;0.11114186851211072;0.008292465448060633;-0.016463414634146342;0.0057299451918286;-0.0007074637424831977;0.1351518908865468;-0.04161506068863017;0.008849557522123894;0.3700163844893501;0.23869216851899716;0.2808771929824561;-0.0035878014749850507;-0.003129890453834116;-0.0032872209286399123;0.22144428885777157;0.0466771323914181;0.10670606018963859
28;Hong Kong;;;;;-0.05148968678380443;-0.05148968678380443;;0;0;;-0.014497422680412372;-0.014497422680412372;;0.07927427263811704;0.07927427263811704;;0.16643949719824322;0.16643949719824322;;0.11217865489483252;0.11217865489483252;;0.09129115106233948;0.09129115106233948;;0.02011125374411639;0.02011125374411639;;0.20186661073825504;0.20186661073825504;;0.09763545938399791;0.09763545938399791;;0.14189189189189189;0.14189189189189189
29;Etats-Unis;;;;;-0.2112181064173754;-0.2112181064173754;;-0.10907146676171806;-0.10907146676171806;;-0.01990398079615923;-0.01990398079615923;;-0.12776813960608224;-0.12776813960608224;;-0.000936000936000936;-0.000936000936000936;;-0.02517859234102354;-0.02517859234102354;;0.010331571359923113;0.010331571359923113;;-0.06230677764565993;-0.06230677764565993;;0.10207963479584073;0.10207963479584073;;0.1281785755379128;0.1281785755379128;;0.03957164711881693;0.03957164711881693
30;France;;;;;0.011575484342634336;0.011575484342634336;;0.08841243073958083;0.08841243073958083;;0.04747675962815405;0.04747675962815405;;0.002007395668251453;0.002007395668251453;;0.0018979333614508645;0.0018979333614508645;;0.043990738791833295;0.043990738791833295;;0.0036290322580645163;0.0036290322580645163;;-0.019184411410204903;-0.019184411410204903;;-0.049974398361495136;-0.049974398361495136;;-0.020911932736876145;-0.020911932736876145;;-0.014532643399757789;-0.014532643399757789
31;Allemagne;;;;-0.109375;-0.21774193548387097;-0.18085106382978725;-0.08771929824561403;-0.15463917525773196;-0.12987012987012986;-0.11538461538461539;-0.10975609756097561;-0.11194029850746269;-0.043478260869565216;-0.0410958904109589;-0.04201680672268908;-0.13636363636363635;-0.14285714285714285;-0.14912280701754385;0;0;0.010309278350515464;-0.07894736842105263;-0.06666666666666667;-0.07142857142857142;-0.05714285714285714;-0.05357142857142857;-0.054945054945054944;-0.030303030303030304;-0.03773584905660377;-0.03488372093023256;-0.0625;-0.058823529411764705;-0.060240963855421686;-0.13333333333333333;-0.125;-0.1282051282051282
32;Corée du Sud;;;;;0.05937016004130098;0.05937016004130098;;0.13840155945419103;0.13840155945419103;;-0.13741438356164384;-0.13741438356164384;;0.0009925558312655087;0.0009925558312655087;;0.10114030738720872;0.10114030738720872;;0.01936064835659613;0.01936064835659613;;-0.0015459363957597172;-0.0015459363957597172;;0.17407653174076532;0.17407653174076532;;-0.06669178598342125;-0.06669178598342125;;0.03492127573677836;0.03492127573677836;;0.011312658474741564;0.011312658474741564
33;Irlande;;;;-0.3459419757620272;0.02040816326530612;-0.34267515923566877;0.10359348680516564;0.22;0.10520487264673312;-0.020859832103790384;-0.08196721311475409;-0.0217935871743487;-0.15874253052740972;-0.14285714285714285;-0.1585147247119078;-0.0074119827053736875;-0.041666666666666664;-0.007912355447352405;-0.12352209085252022;0.10869565217391304;-0.12024539877300613;-0.007099751508697196;0.0196078431372549;-0.006624825662482566;-0.061494458348230245;-0.038461538461538464;-0.061074061074061076;0.02857142857142857;0.12;0.0302803738317757;0.17185185185185184;0.32142857142857145;0.1748911465892598;0.5670037926675094;0.24324324324324326;0.5596046942557134
34;Suède;;;;;0.06523605150214593;0.06523605150214593;;0.0040290088638195;0.0040290088638195;;-0.1260032102728732;-0.1260032102728732;;0.13590449954086317;0.13590449954086317;;0.1576394502829426;0.1576394502829426;;0.02723463687150838;0.02723463687150838;;-0.052345343303874914;-0.052345343303874914;;-0.015781922525107604;-0.015781922525107604;;-0.05102040816326531;-0.05102040816326531;;0.047619047619047616;0.047619047619047616;;0.01906158357771261;0.01906158357771261
35;Turquie;;;;;-0.045121951219512194;-0.045121951219512194;;0.35759897828863346;0.35759897828863346;;0;0;;-0.1251175917215428;-0.1251175917215428;;0.16021505376344086;0.16021505376344086;;0.020389249304911955;0.020389249304911955;;0.0971843778383288;0.0971843778383288;;-0.033112582781456956;-0.033112582781456956;;0.17893835616438356;0.17893835616438356;;-0.053013798111837325;-0.053013798111837325;;-0.08052147239263803;-0.08052147239263803
36;Canada;;;;;-0.108300395256917;-0.108300395256917;;0.06205673758865248;0.06205673758865248;;-0.15692821368948248;-0.15692821368948248;;0;0;;0.11782178217821782;0.11782178217821782;;-0.05225863596102746;-0.05225863596102746;;-0.04579439252336449;-0.04579439252336449;;0.010773751224289911;0.010773751224289911;;0;0;;-0.05232558139534884;-0.05232558139534884;;-0.0736196319018405;-0.0736196319018405
37;Singapour;;;;;-0.10019455252918288;-0.10019455252918288;;-0.001081081081081081;-0.001081081081081081;;0.1396103896103896;0.1396103896103896;;0.02849002849002849;0.02849002849002849;;0.05355493998153278;0.05355493998153278;;-0.06748466257668712;-0.06748466257668712;;-0.08270676691729323;-0.08270676691729323;;-0.07172131147540983;-0.07172131147540983;;0.04966887417218543;0.04966887417218543;;-0.04416403785488959;-0.04416403785488959;;-0.07150715071507151;-0.07150715071507151
38;Afrique du Sud;;;;;;;;;;;0;0;;;;;;;;;;0.22511848341232227;-0.07725321888412018;0.06644144144144144;-0.21470019342359767;-0.26976744186046514;-0.23970432946145723;-0.03694581280788178;0.022292993630573247;-0.011111111111111112;-0.05370843989769821;-0.012461059190031152;-0.0351123595505618;0;0;0
39;Italie;;;;-0.34545454545454546;-0.462882096069869;-0.4604798214617817;0;0;0;-0.05555555555555555;-0.22021915871332626;-0.21613236814891418;-0.029411764705882353;-0.1300997280145059;-0.12708883025505716;-0.015151515151515152;-0.13079729025534131;-0.1269521410579345;-0.15384615384615385;-0.210431654676259;-0.20830929024812464;-0.10909090909090909;-0.26879271070615035;-0.26239067055393583;0.02040816326530612;-0.2066458982346833;-0.1956521739130435;0.12;-0.1806282722513089;-0.16216216216216217;0.21428571428571427;-0.09105431309904154;-0.06598240469208211;0.39705882352941174;-0.0984182776801406;-0.04552590266875981
40;Maroc;;;;;;;;;;;;;;;;;;;;;;;;;;;;;0.07335907335907337;0.07335907335907337;;0.06115107913669065;0.06115107913669065;;0.03220338983050847;0.03220338983050847
41;Tous pays;;;;-0.0941518407609653;-0.10474631751227496;-0.10228172460951558;0.03582887700534759;-0.011193694368687626;-0.00011454228901310364;-0.225137278828554;0.03468865079485353;-0.028730496941370542;0.05027256208358571;-0.027579237213662195;-0.012431297619890076;-0.12664359861591695;0.09934782281264591;0.05256055032723451;-0.0753433703116746;0.037512501883845514;0.01812034084849035;0.2903663500678426;0.020666340935201446;0.06275493146104981;0.051690741048204106;-0.11592402835998551;-0.08416438586004761;0.15487028363942534;0.07204530820113564;0.09006698345451422;0.0500318964731614;0.07202238755033787;0.06695307822396823;0.04269658045478222;0.05937909869987656;0.05559438838296825
42;;;;;;;;;;;;;;;;;;;;;;;;;;;;;;;;;;;Note: données 2015 pour AFS.;;
43;Source;Cour des comptes, d'après données IFCE et FIAH.;;;;;;;;;;;;;;;;;;;;;;;;;;;;;;;;;;;
44;;;;;;;;;;;;;;;;;;;;;;;;;;;;;;;;;;;;;
45;Base 100 en 2005;;;;;;;;;;;;;;;;;;;;;;;;;;;;;;;;;;;;
46;En M€;2005;2005;2005;2006;2006;2006;2007;2007;2007;2008;2008;2008;2009;2009;2009;2010;2010;2010;2011;2011;2011;2012;2012;2012;2013;2013;2013;2014;2014;2014;2015;2015;2015;2016;2016;2016
47;;Bookmakers;Pari mutuel;Total;Bookmakers;Pari mutuel;Total;Bookmakers;Pari mutuel;Total;Bookmakers;Pari mutuel;Total;Bookmakers;Pari mutuel;Total;Bookmakers;Pari mutuel;Total;Bookmakers;Pari mutuel;Total;Bookmakers;Pari mutuel;Total;Bookmakers;Pari mutuel;Total;Bookmakers;Pari mutuel;Total;Bookmakers;Pari mutuel;Total;Bookmakers;Pari mutuel;Total
48;Japon;;100;100;0;86.66467780429593;86.66467780429593;0;81.11575178997613;81.11575178997613;0;105.23354926696216;105.23354926696216;0;94.1527446300716;94.1527446300716;0;108.4001022843505;108.4001022843505;0;110.94442550289806;110.94442550289806;0;115.44067507671326;115.44067507671326;0;81.34589157858846;81.34589157858846;0;84.41868394135696;84.41868394135696;0;97.74548244118648;97.74548244118648;0;108.954142516195;108.954142516195
49;UK;100;100;100;99.11032028469751;107.8048780487805;99.33906570841889;99.11032028469751;107.8048780487805;99.33906570841889;70.35718993014368;96.34146341463415;71.04081108829568;70.35718993014368;96.34146341463415;71.04081108829568;48.00975352576776;91.46341463414635;49.152977412731005;48.00975352576776;91.46341463414635;49.152977412731005;73.69843152761302;111.70731707317074;74.69840862422998;79.11559246078819;113.65853658536587;80.0243839835729;88.38144194016081;147.8048780487805;89.94481519507188;93.4690918676684;145.1219512195122;94.82802874743328;78.69381837353369;144.14634146341464;80.40939425051336
50;Australie;100;100;100;94.78308621636464;96.92675745307324;96.38869745003446;114.82701812191104;102.46595509753404;105.56857339765679;97.25425590334982;82.11262421788737;85.9131633356306;155.68369028006592;111.90651453809349;122.89455547898001;219.11037891268535;132.95914611704086;154.5830461750517;180.12081274025263;147.73647405226353;155.86492074431428;177.1554091158704;148.58299595141702;155.75465196416266;201.09829763866009;142.3997055576003;157.1330117160579;275.5079626578803;176.3894000736106;201.26809097174362;274.5194947830862;175.83732057416267;200.6064782908339;335.3102690829215;184.0449024659551;222.01240523776704
51;Hong Kong;;100;100;0;94.85103132161956;94.85103132161956;0;94.85103132161956;94.85103132161956;0;93.47593582887701;93.47593582887701;0;100.88617265087854;100.88617265087854;0;117.67761650114592;117.67761650114592;0;130.87853323147442;130.87853323147442;0;142.82658517952638;142.82658517952638;0;145.6990068754775;145.6990068754775;0;175.11077158135984;175.11077158135984;0;192.20779220779224;192.20779220779224;0;219.48051948051952;219.48051948051952
52;Etats-Unis;;100;100;0;78.87818935826246;78.87818935826246;0;70.27482954944823;70.27482954944823;0;68.87608069164264;68.87608069164264;0;60.07591199831306;60.07591199831306;0;60.01968088845153;60.01968088845153;0;58.50846981092289;58.50846981092289;0;59.11295424193435;59.11295424193435;0;55.429816546004076;55.429816546004076;0;61.088071975820625;61.088071975820625;0;68.9182540240388;68.9182540240388;0;71.64546285232305;71.64546285232305
53;France;;100;100;0;101.15754843426343;101.15754843426343;0;110.10113317899354;110.10113317899354;0;115.32837821371999;115.32837821371999;0;115.55988790057268;115.55988790057268;0;115.7792128670647;115.7792128670647;0;120.87242597782381;120.87242597782381;0;121.31107591080784;121.31107591080784;0;118.98379432192031;118.98379432192031;0;113.03765078591447;113.03765078591447;0;110.67381503594493;110.67381503594493;0;109.0654319483368;109.0654319483368
54;Allemagne;100;100;100;89.0625;78.2258064516129;81.91489361702128;81.25;66.12903225806451;71.27659574468085;71.875;58.87096774193548;63.29787234042553;68.75;56.4516129032258;60.638297872340424;59.375;48.387096774193544;51.59574468085106;59.375;48.387096774193544;52.12765957446808;54.6875;45.16129032258064;48.40425531914894;51.5625;42.74193548387096;45.74468085106383;50;41.12903225806451;44.14893617021277;46.875;38.70967741935483;41.48936170212767;40.625;33.87096774193548;36.17021276595745
55;Corée du Sud;;100;100;0;105.9370160041301;105.9370160041301;0;120.5988642230253;120.5988642230253;0;104.0268456375839;104.0268456375839;0;104.13009808982964;104.13009808982964;0;114.66184821889522;114.66184821889522;0;116.88177594217865;116.88177594217865;0;116.7010841507486;116.7010841507486;0;137.0160041300981;137.0160041300981;0;127.87816210635005;127.87816210635005;0;132.34383066597834;132.34383066597834;0;133.84099122354158;133.84099122354158
56;Irlande;100;100;100;65.40580242379728;102.04081632653062;65.73248407643312;72.18141755416819;124.48979591836735;72.64786169244769;70.67572530297466;114.28571428571429;71.06460418562331;59.45648182152038;97.9591836734694;59.79981801637854;59.015791406536906;93.87755102040818;59.326660600545964;51.72603745868527;104.08163265306123;52.192902638762526;51.35879544619904;106.12244897959185;51.8471337579618;48.200514138817475;102.04081632653063;48.68061874431303;49.57767168564083;114.2857142857143;50.15468607825298;58.09768637532133;151.02040816326533;58.926296633303025;91.03929489533601;187.75510204081635;91.90172884440403
57;Suède;;100;100;0;106.52360515021459;106.52360515021459;0;106.95278969957081;106.95278969957081;0;93.47639484978541;93.47639484978541;0;106.18025751072962;106.18025751072962;0;122.91845493562232;122.91845493562232;0;126.26609442060087;126.26609442060087;0;119.65665236051503;119.65665236051503;0;117.76824034334764;117.76824034334764;0;111.75965665236052;111.75965665236052;0;117.08154506437769;117.08154506437769;0;119.31330472103005;119.31330472103005
58;Turquie;;100;100;0;95.48780487804878;95.48780487804878;0;129.6341463414634;129.6341463414634;0;129.6341463414634;129.6341463414634;0;113.41463414634146;113.41463414634146;0;131.58536585365852;131.58536585365852;0;134.2682926829268;134.2682926829268;0;147.3170731707317;147.3170731707317;0;142.4390243902439;142.4390243902439;0;167.9268292682927;167.9268292682927;0;159.02439024390245;159.02439024390245;0;146.21951219512195;146.21951219512195
59;Canada;;100;100;0;89.1699604743083;89.1699604743083;0;94.70355731225297;94.70355731225297;0;79.84189723320158;79.84189723320158;0;79.84189723320158;79.84189723320158;0;89.2490118577075;89.2490118577075;0;84.58498023715414;84.58498023715414;0;80.71146245059288;80.71146245059288;0;81.58102766798417;81.58102766798417;0;81.58102766798417;81.58102766798417;0;77.31225296442686;77.31225296442686;0;71.62055335968378;71.62055335968378
60;Singapour;;100;100;0;89.98054474708171;89.98054474708171;0;89.88326848249027;89.88326848249027;0;102.43190661478599;102.43190661478599;0;105.35019455252917;105.35019455252917;0;110.99221789883268;110.99221789883268;0;103.50194552529182;103.50194552529182;0;94.94163424124513;94.94163424124513;0;88.13229571984435;88.13229571984435;0;92.50972762645914;92.50972762645914;0;88.42412451361866;88.42412451361866;0;82.10116731517509;82.10116731517509
61;Afrique du Sud;;100;100;0;100;100;0;100;100;0;100;100;0;100;100;0;100;100;0;100;100;0;92.27467811158799;106.64414414414415;0;67.38197424892704;81.08108108108108;0;68.88412017167381;80.18018018018017;0;68.02575107296137;77.36486486486486;0;68.02575107296137;77.36486486486486
62;Italie;100;100;100;65.45454545454545;53.711790393013096;53.95201785382183;65.45454545454545;53.711790393013096;53.95201785382183;61.81818181818182;41.88342509967723;42.29124046866282;60;36.43440288589329;36.91649618746513;59.09090909090909;31.668881716347062;32.22986795610935;50;25.004746535029426;25.51608703738144;44.54545454545455;18.283652933358645;18.820903849730335;45.45454545454545;14.505411049933546;15.138553096522227;50.90909090909091;11.885323713689004;12.683652594383487;61.81818181818181;10.803113726979303;11.846754695927098;86.36363636363636;9.739889880387315;11.307420494699647
63;Maroc;;100;100;0;100;100;0;100;100;0;100;100;0;100;100;0;100;100;0;100;100;0;100;100;0;100;100;0;107.33590733590734;107.33590733590734;0;113.8996138996139;113.8996138996139;0;117.56756756756756;117.56756756756756
64;Tous pays;100;100;100;90.58481592390348;89.52536824877251;89.77182753904845;93.83036815219307;88.52324863835153;89.76154486843323;72.70565439492691;91.5940006975933;87.18265107813802;76.3607539193236;89.06790802500603;86.09885759529466;66.69015324995597;97.91661076976737;90.62426093304954;61.66549233750221;101.58970781572805;92.26640343029892;79.57107627267924;103.68919535295538;98.0565752537249;83.68416417121719;91.6691261302353;89.80370381795561;96.64435441254183;98.27345657481688;97.89205252388152;101.47965474722564;105.35134555015964;104.44622677401776;105.81248899066408;111.60701349574737;110.25285087042808
65;;;;;;;;;;;;;;;;;;;;;;;;;;;;;;;;;;;;;
66;Source;Cour des comptes, d'après données IFCE et FIAH.;;;;;;;;;;;;;;;;;;;;;;;;;;;;;;;;;;;
67;;;;;;;;;;;;;;;;;;;;;;;;;;;;;;;;;;;;;
68;;;;;;;;;;;;;;;;;;;;;;;;;;;;;;;;;;;;;
69;;;;;;;;;;;;;;;;;;;;;;;;;;;;;;;;;;;;;
70;Population;2005;2006;2007;2008;2009;2010;2011;2012;2013;2014;2015;2016;;;;;;;;;;;;;;;;;;;;;;;;
71;Japon;127773000;127854000;128001000;128063000;128047000;128070000;127833000;127629000;127445000;127276000;127141000;126994511;;;;;;;;;;;;;;;;;;;;;;;;
72;UK;60401206;60846820;61322463;61806995;62276270;62766365;63258918;63700300;64128226;64613160;65128861;65637239;;;;;;;;;;;;;;;;;;;;;;;;
73;Australie;20394800;20697900;20827600;21249200;21691700;22031750;22340024;22728254;23117353;23460694;23789338;24127159;;;;;;;;;;;;;;;;;;;;;;;;
74;Hong Kong;6813200;6857100;6916300;6957800;6972800;7024200;7071600;7154600;7187500;7241700;7305700;7346700;;;;;;;;;;;;;;;;;;;;;;;;
75;Etats-Unis;295516599;298379912;301231207;304093966;306771529;309348193;311663358;313998379;316204908;318563456;320896618;323127513;;;;;;;;;;;;;;;;;;;;;;;;
76;France;63179356;63621376;64016229;64374990;64707044;65027512;65342776;65659790;65998570;66331957;66624068;66896109;;;;;;;;;;;;;;;;;;;;;;;;
77;Allemagne;82469422;82376451;82266372;82110097;81902307;81776930;80274983;80425823;80645605;80982500;81686611;82667685;;;;;;;;;;;;;;;;;;;;;;;;
78;Corée du Sud;48184561;48438292;48683638;49054708;49307835;49554112;49936638;50199853;50428893;50746659;51014947;51245707;;;;;;;;;;;;;;;;;;;;;;;;
79;Irlande;4159914;4273591;4398942;4489544;4535375;4560155;4576794;4586897;4598294;4617225;4676835;4773095;;;;;;;;;;;;;;;;;;;;;;;;
80;Suède;9029572;9080505;9148092;9219637;9298515;9378126;9449213;9519374;9600379;9696110;9799186;9903122;;;;;;;;;;;;;;;;;;;;;;;;
81;Turquie;67903406;68763405;69597281;70440032;71339185;72326914;73409455;74569867;75787333;77030628;78271472;79512426;;;;;;;;;;;;;;;;;;;;;;;;
82;Canada;32312000;32570505;32887928;33245773;33628571;34005274;34342780;34750545;35155451;35544564;35848610;36286425;;;;;;;;;;;;;;;;;;;;;;;;
83;Singapour;4265762;4401365;4588599;4839396;4987573;5076732;5183688;5312437;5399162;5469724;5535002;5607283;;;;;;;;;;;;;;;;;;;;;;;;
84;Afrique du Sud;47606670.2439658;48233804.4849866;48883844.9909288;49557573.2955342;50255813.1102008;50979432.3622277;51729345.3578159;52506515.0772335;53311955.6100823;54146734.739162;55011976.6820294;55908865;;;;;;;;;;;;;;;;;;;;;;;;
85;Italie;57969484;58143979;58438310;58826731;59095365;59277417;59379449;59539717;60233948;60789140;60730582;60600590;;;;;;;;;;;;;;;;;;;;;;;;
86;Maroc;30521070;30869346;31225881;31596855;31989897;32409639;32858823;33333789;33824769;34318082;34803322;35276786;;;;;;;;;;;;;;;;;;;;;;;;
87;;;;;;;;;;;;;;;;;;;;;;;;;;;;;;;;;;;;;
88;Source;Banque mondiale, mars 2018.;;;;;;;;;;;;;;;;;;;;;;;;;;;;;;;;;;;
89;;;;;;;;;;;;;;;;;;;;;;;;;;;;;;;;;;;;;
90;Enjeux hippiques (pari mutuel) rapportés à la population, 2005-2016;;;;;;;;;;;;;;;;;;;;;;;;;;;;;;;;;;;;
91;En M€;2005;;;2006;;;2007;;;2008;;;2009;;;2010;;;2011;;;2012;;;2013;;;2014;;;2015;;;2016;;
92;;Pari mutuel;Population;"Enjeux pour 
10 000 hab.";Pari mutuel;Population;"Enjeux pour 
10 000 hab.";Pari mutuel;Population;"Enjeux pour 
10 000 hab.";Pari mutuel;Population;"Enjeux pour 
10 000 hab.";Pari mutuel;Population;"Enjeux pour 
10 000 hab.";Pari mutuel;Population;"Enjeux pour 
10 000 hab.";Pari mutuel;Population;"Enjeux pour 
10 000 hab.";Pari mutuel;Population;"Enjeux pour 
10 000 hab.";Pari mutuel;Population;"Enjeux pour 
10 000 hab.";Pari mutuel;Population;"Enjeux pour 
10 000 hab.";Pari mutuel;Population;"Enjeux pour 
10 000 hab.";Pari mutuel;Population;"Enjeux pour 
10 000 hab."
93;Japon;23464;127773000;1.8363817081856102;20335;127854000;1.5904860231201212;19033;128001000;1.4869415082694666;24692;128063000;1.9281135066334538;22092;128047000;1.7253039899411935;25435;128070000;1.9860232685250254;26032;127833000;2.036406874594197;27087;127629000;2.122323296429495;19087;127445000;1.4976656596963396;19808;127276000;1.5563028379270247;22935;127141000;1.8039027536357273;25565;126994511;2.0130791322154074
94;UK;410;60401206;0.06787943936086309;442;60846820;0.07264142974111054;442;61322463;0.07207799204020882;395;61806995;0.06390862393487987;395;62276270;0.0634270485371073;375;62766365;0.059745374771981774;375;63258918;0.059280179278437865;458;63700300;0.07189919042767459;466;64128226;0.07266690957582392;606;64613160;0.09378894330504807;595;65128861;0.09135734770488309;591;65637239;0.0900403504175427
95;Australie;5434;20394800;2.6644046521662386;5267;20697900;2.544702602679499;5568;20827600;2.6733757129962163;4462;21249200;2.099843758823862;6081;21691700;2.803376406644016;7225;22031750;3.27935819896286;8028;22340024;3.5935503023631488;8074;22728254;3.552406621291719;7738;23117353;3.3472690407072125;9585;23460694;4.085556889323053;9555;23789338;4.016505209182366;10001;24127159;4.145121271841413
96;Hong Kong;6545;6813200;9.606352374801855;6208;6857100;9.053389917020315;6208;6916300;8.975897517458757;6118;6957800;8.793009284543965;6603;6972800;9.469653510784763;7702;7024200;10.964949745166708;8566;7071600;12.11324169919113;9348;7154600;13.065719956391693;9536;7187500;13.267478260869565;11461;7241700;15.826394354916662;12580;7305700;17.219431402877206;14365;7346700;19.552996583500075
97;Etats-Unis;14227;295516599;0.481428117680794;11222;298379912;0.37609770459346475;9998;301231207;0.3319045227608174;9799;304093966;0.32223592361579445;8547;306771529;0.2786112527411238;8539;309348193;0.2760319986740637;8324;311663358;0.26708304926882037;8410;313998379;0.2678357775853359;7886;316204908;0.24939524341601932;8691;318563456;0.27281848675072135;9805;320896618;0.30555011957153133;10193;323127513;0.3154482236862325
98;France;8207;63179356;1.299000262047622;8302;63621376;1.3049073317747797;9036;64016229;1.4115170701479465;9465;64374990;1.470291490530717;9484;64707044;1.465682777905911;9502;65027512;1.4612276723735025;9920;65342776;1.5181479280892505;9956;65659790;1.5163009202435769;9765;65998570;1.4795775120582157;9277;66331957;1.398571732174282;9083;66624068;1.3633211349388032;8951;66896109;1.3380449377108015
99;Allemagne;124;82469422;0.015035875963820871;97;82376451;0.011775209883708148;82;82266372;0.009967620791640113;73;82110097;0.008890502224105278;70;81902307;0.008546767797395499;60;81776930;0.00733703258363942;60;80274983;0.007474308652298313;56;80425823;0.006962937761917587;53;80645605;0.006571963841054946;51;80982500;0.006297656901182355;48;81686611;0.005876115976950005;42;82667685;0.0050805825758880275
100;Corée du Sud;3874;48184561;0.803991967468584;4104;48438292;0.8472635657756058;4672;48683638;0.9596653397184491;4030;49054708;0.8215317477784191;4034;49307835;0.8181255575305628;4442;49554112;0.8963938249968035;4528;49936638;0.9067490686898064;4521;50199853;0.9006002467776151;5308;50428893;1.052571191677755;4954;50746659;0.9762219026084062;5127;51014947;1.004999573948396;5185;51245707;1.011792070699698
101;Irlande;49;4159914;0.11779089663872859;50;4273591;0.11699762565018505;61;4398942;0.1386697073978243;56;4489544;0.12473427145384922;48;4535375;0.10583468842157484;46;4560155;0.1008737641593323;51;4576794;0.11143171399018614;52;4586897;0.11336639998674485;50;4598294;0.10873597903918279;56;4617225;0.12128497095116655;74;4676835;0.15822666397253699;92;4773095;0.19274705406031098
102;Suède;1165;9029572;1.290205117141765;1241;9080505;1.3666640787048738;1246;9148092;1.3620326511801586;1089;9219637;1.181174486587704;1237;9298515;1.3303199489380833;1432;9378126;1.5269575179518808;1471;9449213;1.556743402863286;1394;9519374;1.4643820066319486;1372;9600379;1.4291102465850567;1302;9696110;1.3428065481930385;1364;9799186;1.391952351960663;1390;9903122;1.4035977745199948
103;Turquie;820;67903406;0.12075977455387142;783;68763405;0.11386870676343035;1063;69597281;0.15273585185030433;1063;70440032;0.15090850611765766;930;71339185;0.13036313773419195;1079;72326914;0.1491837464543282;1101;73409455;0.14998068028157954;1208;74569867;0.16199572945463345;1168;75787333;0.15411546412380023;1377;77030628;0.1787600641137185;1304;78271472;0.1665996520418065;1199;79512426;0.15079404066981933
104;Canada;1265;32312000;0.3914954196583313;1128;32570505;0.3463256096274835;1198;32887928;0.3642673992718544;1010;33245773;0.3037980196760653;1010;33628571;0.3003398508964297;1129;34005274;0.33200732333460975;1070;34342780;0.3115647597544521;1021;34750545;0.29380834171089976;1032;35155451;0.29355333828600294;1032;35544564;0.29033975490598224;978;35848610;0.2728139250029499;906;36286425;0.24968014898133392
105;Singapour;1028;4265762;2.409885971134817;925;4401365;2.101620747200016;924;4588599;2.0136865304638736;1053;4839396;2.175891371567857;1083;4987573;2.1713967895808244;1141;5076732;2.2475088304838624;1064;5183688;2.052592671472511;976;5312437;1.8371982575981607;906;5399162;1.6780381844441785;951;5469724;1.738661767942953;909;5535002;1.6422758293492938;844;5607283;1.505185309890726
106;Afrique du Sud;NC;47606670.2439658;;NC;48233804.4849866;;422;48883844.9909288;0.0863270882391328;422;49557573.2955342;0.08515348350158781;NC;50255813.1102008;;NC;50979432.3622277;;466;51729345.3578159;0.09008426392730119;430;52506515.0772335;0.0818945990545172;314;53311955.6100823;0.05889860846534331;321;54146734.739162;0.059283353196889;317;55011976.6820294;0.05762381559787752;317;55908865;0.056699416094388604
107;Italie;5267;57969484;0.9085814874598505;2829;58143979;0.4865508086400485;2829;58438310;0.4841002417763279;2206;58826731;0.3749995898973207;1919;59095365;0.32472935906225475;1668;59277417;0.2813887791365808;1317;59379449;0.22179390718159073;963;59539717;0.16174077548940988;764;60233948;0.12683877204927693;626;60789140;0.10297892024792586;569;60730582;0.09369249911025058;513;60600590;0.08465264117065527
108;Maroc;NC;30521070;;NC;30869346;;NC;31225881;;NC;31596855;;NC;31989897;;368;32409639;0.11354646683969544;NC;32858823;;NC;33333789;;518;33824769;0.1531422136245779;556;34318082;0.16201371626770983;590;34803322;0.16952404715848676;609;35276786;0.1726347746078682
109;;;;;;;;;;;;;;;;;;;;;;;;;;;;;;;;;;;Note: données 2015 pour AFS.;;
110;Source;"Banque mondiale; IFCE, FIAH.";;;;;;;;;;;;;;;;;;;;;;;;;;;;;;;;;;;
